group_name,user_name,extract_date
Administrators,chinmay.thakar@oracle.com,2020-01-26 01:03:26
Administrators, DS-Admin-Interface,2020-01-26 01:03:26
Administrators, ucm-reporting-crawler_in@oracle.com,2020-01-26 01:03:26
Administrators, cloud.admin,2020-01-26 01:03:26
Administrators, kartik.hegde@oracle.com,2020-01-26 01:03:26
Administrators, mftdemouser,2020-01-26 01:03:26
apiusers,,2020-01-26 01:03:26
Austin_users,,2020-01-26 01:03:26
austinhub-oci-integration-admins,,2020-01-26 01:03:26
austinhub-oci-integration-viewers,,2020-01-26 01:03:26
AustinHub_OCIGroup,,2020-01-26 01:03:26
Burlington_Hub_IaaS,,2020-01-26 01:03:26
EBSAdmins,chinmay.thakar@oracle.com,2020-01-26 01:03:26
EBSAdmins, patrick.guha@oracle.com,2020-01-26 01:03:26
ebscadmin-grp,,2020-01-26 01:03:26
ebsdemodba-grp,,2020-01-26 01:03:26
EmailSenders,,2020-01-26 01:03:26
Functions,,2020-01-26 01:03:26
jfliging,mftdemouser,2020-01-26 01:03:26
netadmin-grp,,2020-01-26 01:03:26
oci-testgroup,user01,2020-01-26 01:03:26
OCI_AustinHub_Developers,,2020-01-26 01:03:26
PowerUsers,,2020-01-26 01:03:26
SharedDemo_OCIGroup,chinmay.thakar@oracle.com,2020-01-26 01:03:26
UCM_READ_ONLY_GROUP,ucm-reporting-crawler_in@oracle.com,2020-01-26 01:03:26
