region_name,scope_type,availability_domain,name,description,limit_name,value,used,available,extract_date
us-ashburn-1,REGION,,api-gateway,API Gateway,gateway-count,1,1,,2020-01-26 01:03:26
us-ashburn-1,REGION,,auto-scaling,Auto Scaling,config-count,200,,,2020-01-26 01:03:26
us-ashburn-1,REGION,,block-storage,Block Volume,backup-count,4000,39,3961,2020-01-26 01:03:26
us-ashburn-1,AD,gRmu:US-ASHBURN-AD-1,block-storage,Block Volume,total-storage-gb,8192,11482,-3290,2020-01-26 01:03:26
us-ashburn-1,AD,gRmu:US-ASHBURN-AD-2,block-storage,Block Volume,total-storage-gb,8192,4740,3452,2020-01-26 01:03:26
us-ashburn-1,AD,gRmu:US-ASHBURN-AD-3,block-storage,Block Volume,total-storage-gb,8192,2333,5859,2020-01-26 01:03:26
us-ashburn-1,AD,gRmu:US-ASHBURN-AD-1,block-storage,Block Volume,volume-count,10000,13,9987,2020-01-26 01:03:26
us-ashburn-1,AD,gRmu:US-ASHBURN-AD-2,block-storage,Block Volume,volume-count,10000,18,9982,2020-01-26 01:03:26
us-ashburn-1,AD,gRmu:US-ASHBURN-AD-3,block-storage,Block Volume,volume-count,10000,3,9997,2020-01-26 01:03:26
us-ashburn-1,AD,gRmu:US-ASHBURN-AD-1,block-storage,Block Volume,volumes-per-group,32,,,2020-01-26 01:03:26
us-ashburn-1,AD,gRmu:US-ASHBURN-AD-2,block-storage,Block Volume,volumes-per-group,32,,,2020-01-26 01:03:26
us-ashburn-1,AD,gRmu:US-ASHBURN-AD-3,block-storage,Block Volume,volumes-per-group,32,,,2020-01-26 01:03:26
us-ashburn-1,REGION,,compartments,Compartments,compartment-count,200,81,119,2020-01-26 01:03:26
us-ashburn-1,AD,gRmu:US-ASHBURN-AD-1,compute,Compute,bm-dense-io2-52-count,6,2,4,2020-01-26 01:03:26
us-ashburn-1,AD,gRmu:US-ASHBURN-AD-2,compute,Compute,bm-dense-io2-52-count,6,,6,2020-01-26 01:03:26
us-ashburn-1,AD,gRmu:US-ASHBURN-AD-3,compute,Compute,bm-dense-io2-52-count,6,,6,2020-01-26 01:03:26
us-ashburn-1,AD,gRmu:US-ASHBURN-AD-3,compute,Compute,bm-gpu2-2-count,1,,1,2020-01-26 01:03:26
us-ashburn-1,AD,gRmu:US-ASHBURN-AD-2,compute,Compute,bm-gpu3-8-count,4,,4,2020-01-26 01:03:26
us-ashburn-1,AD,gRmu:US-ASHBURN-AD-1,compute,Compute,bm-hpc2-36-count,2,,2,2020-01-26 01:03:26
us-ashburn-1,AD,gRmu:US-ASHBURN-AD-1,compute,Compute,bm-standard-e2-64-count,3,,3,2020-01-26 01:03:26
us-ashburn-1,AD,gRmu:US-ASHBURN-AD-2,compute,Compute,bm-standard-e2-64-count,3,,3,2020-01-26 01:03:26
us-ashburn-1,AD,gRmu:US-ASHBURN-AD-3,compute,Compute,bm-standard-e2-64-count,3,,3,2020-01-26 01:03:26
us-ashburn-1,AD,gRmu:US-ASHBURN-AD-1,compute,Compute,bm-standard2-52-count,4,,4,2020-01-26 01:03:26
us-ashburn-1,AD,gRmu:US-ASHBURN-AD-2,compute,Compute,bm-standard2-52-count,4,,4,2020-01-26 01:03:26
us-ashburn-1,AD,gRmu:US-ASHBURN-AD-3,compute,Compute,bm-standard2-52-count,4,,4,2020-01-26 01:03:26
us-ashburn-1,REGION,,compute,Compute,custom-image-count,25,5,20,2020-01-26 01:03:26
us-ashburn-1,AD,gRmu:US-ASHBURN-AD-1,compute,Compute,vm-dense-io2-16-count,2,,2,2020-01-26 01:03:26
us-ashburn-1,AD,gRmu:US-ASHBURN-AD-2,compute,Compute,vm-dense-io2-16-count,2,,2,2020-01-26 01:03:26
us-ashburn-1,AD,gRmu:US-ASHBURN-AD-3,compute,Compute,vm-dense-io2-16-count,2,,2,2020-01-26 01:03:26
us-ashburn-1,AD,gRmu:US-ASHBURN-AD-1,compute,Compute,vm-dense-io2-24-count,3,,3,2020-01-26 01:03:26
us-ashburn-1,AD,gRmu:US-ASHBURN-AD-2,compute,Compute,vm-dense-io2-24-count,3,,3,2020-01-26 01:03:26
us-ashburn-1,AD,gRmu:US-ASHBURN-AD-3,compute,Compute,vm-dense-io2-24-count,3,,3,2020-01-26 01:03:26
us-ashburn-1,AD,gRmu:US-ASHBURN-AD-1,compute,Compute,vm-dense-io2-8-count,4,,4,2020-01-26 01:03:26
us-ashburn-1,AD,gRmu:US-ASHBURN-AD-2,compute,Compute,vm-dense-io2-8-count,4,,4,2020-01-26 01:03:26
us-ashburn-1,AD,gRmu:US-ASHBURN-AD-3,compute,Compute,vm-dense-io2-8-count,4,,4,2020-01-26 01:03:26
us-ashburn-1,AD,gRmu:US-ASHBURN-AD-3,compute,Compute,vm-gpu2-1-count,1,,1,2020-01-26 01:03:26
us-ashburn-1,AD,gRmu:US-ASHBURN-AD-1,compute,Compute,vm-standard-b1-1,2,,2,2020-01-26 01:03:26
us-ashburn-1,AD,gRmu:US-ASHBURN-AD-2,compute,Compute,vm-standard-b1-1,2,,2,2020-01-26 01:03:26
us-ashburn-1,AD,gRmu:US-ASHBURN-AD-3,compute,Compute,vm-standard-b1-1,2,,2,2020-01-26 01:03:26
us-ashburn-1,AD,gRmu:US-ASHBURN-AD-1,compute,Compute,vm-standard-b1-2,2,,2,2020-01-26 01:03:26
us-ashburn-1,AD,gRmu:US-ASHBURN-AD-2,compute,Compute,vm-standard-b1-2,2,,2,2020-01-26 01:03:26
us-ashburn-1,AD,gRmu:US-ASHBURN-AD-3,compute,Compute,vm-standard-b1-2,2,,2,2020-01-26 01:03:26
us-ashburn-1,AD,gRmu:US-ASHBURN-AD-1,compute,Compute,vm-standard-e2-1-count,59,,59,2020-01-26 01:03:26
us-ashburn-1,AD,gRmu:US-ASHBURN-AD-2,compute,Compute,vm-standard-e2-1-count,59,,59,2020-01-26 01:03:26
us-ashburn-1,AD,gRmu:US-ASHBURN-AD-3,compute,Compute,vm-standard-e2-1-count,59,1,58,2020-01-26 01:03:26
us-ashburn-1,AD,gRmu:US-ASHBURN-AD-1,compute,Compute,vm-standard-e2-2-count,29,,29,2020-01-26 01:03:26
us-ashburn-1,AD,gRmu:US-ASHBURN-AD-2,compute,Compute,vm-standard-e2-2-count,29,,29,2020-01-26 01:03:26
us-ashburn-1,AD,gRmu:US-ASHBURN-AD-3,compute,Compute,vm-standard-e2-2-count,29,,29,2020-01-26 01:03:26
us-ashburn-1,AD,gRmu:US-ASHBURN-AD-1,compute,Compute,vm-standard-e2-4-count,20,,20,2020-01-26 01:03:26
us-ashburn-1,AD,gRmu:US-ASHBURN-AD-2,compute,Compute,vm-standard-e2-4-count,20,,20,2020-01-26 01:03:26
us-ashburn-1,AD,gRmu:US-ASHBURN-AD-3,compute,Compute,vm-standard-e2-4-count,20,,20,2020-01-26 01:03:26
us-ashburn-1,AD,gRmu:US-ASHBURN-AD-1,compute,Compute,vm-standard-e2-8-count,2,,2,2020-01-26 01:03:26
us-ashburn-1,AD,gRmu:US-ASHBURN-AD-2,compute,Compute,vm-standard-e2-8-count,2,,2,2020-01-26 01:03:26
us-ashburn-1,AD,gRmu:US-ASHBURN-AD-3,compute,Compute,vm-standard-e2-8-count,2,,2,2020-01-26 01:03:26
us-ashburn-1,AD,gRmu:US-ASHBURN-AD-1,compute,Compute,vm-standard1-1-count,2,2,,2020-01-26 01:03:26
us-ashburn-1,AD,gRmu:US-ASHBURN-AD-2,compute,Compute,vm-standard1-1-count,2,1,1,2020-01-26 01:03:26
us-ashburn-1,AD,gRmu:US-ASHBURN-AD-3,compute,Compute,vm-standard1-1-count,2,,2,2020-01-26 01:03:26
us-ashburn-1,AD,gRmu:US-ASHBURN-AD-1,compute,Compute,vm-standard1-2-count,2,1,1,2020-01-26 01:03:26
us-ashburn-1,AD,gRmu:US-ASHBURN-AD-2,compute,Compute,vm-standard1-2-count,2,,2,2020-01-26 01:03:26
us-ashburn-1,AD,gRmu:US-ASHBURN-AD-3,compute,Compute,vm-standard1-2-count,2,,2,2020-01-26 01:03:26
us-ashburn-1,REGION,,compute-management,Compute Management,config-count,200,,,2020-01-26 01:03:26
us-ashburn-1,REGION,,compute-management,Compute Management,pool-count,50,,,2020-01-26 01:03:26
us-ashburn-1,REGION,,container-engine,Container Engine,cluster-count,5,,,2020-01-26 01:03:26
us-ashburn-1,REGION,,container-engine,Container Engine,node-count,1000,,,2020-01-26 01:03:26
us-ashburn-1,REGION,,data-science,Data Science,model-count,1000,,,2020-01-26 01:03:26
us-ashburn-1,REGION,,data-science,Data Science,notebook-session-count,30,,,2020-01-26 01:03:26
us-ashburn-1,REGION,,data-science,Data Science,project-count,1000,,,2020-01-26 01:03:26
us-ashburn-1,REGION,,data-transfer,Data Transfer,active-appliance-count,4,,,2020-01-26 01:03:26
us-ashburn-1,REGION,,data-transfer,Data Transfer,appliance-count,1,,,2020-01-26 01:03:26
us-ashburn-1,REGION,,data-transfer,Data Transfer,job-count,1,,,2020-01-26 01:03:26
us-ashburn-1,REGION,,database,Database,adw-ocpu-count,70,,,2020-01-26 01:03:26
us-ashburn-1,REGION,,database,Database,adw-total-storage-tb,70,,,2020-01-26 01:03:26
us-ashburn-1,REGION,,database,Database,atp-ocpu-count,30,,,2020-01-26 01:03:26
us-ashburn-1,REGION,,database,Database,atp-total-storage-tb,8,,,2020-01-26 01:03:26
us-ashburn-1,AD,gRmu:US-ASHBURN-AD-1,database,Database,bm-dense-io2-52-count,4,1,3,2020-01-26 01:03:26
us-ashburn-1,AD,gRmu:US-ASHBURN-AD-2,database,Database,bm-dense-io2-52-count,4,,4,2020-01-26 01:03:26
us-ashburn-1,AD,gRmu:US-ASHBURN-AD-3,database,Database,bm-dense-io2-52-count,4,,4,2020-01-26 01:03:26
us-ashburn-1,AD,gRmu:US-ASHBURN-AD-1,database,Database,vm-block-storage-gb,51200,,,2020-01-26 01:03:26
us-ashburn-1,AD,gRmu:US-ASHBURN-AD-2,database,Database,vm-block-storage-gb,51200,,,2020-01-26 01:03:26
us-ashburn-1,AD,gRmu:US-ASHBURN-AD-3,database,Database,vm-block-storage-gb,51200,,,2020-01-26 01:03:26
us-ashburn-1,AD,gRmu:US-ASHBURN-AD-1,database,Database,vm-standard2-ocpu-count,25,18,7,2020-01-26 01:03:26
us-ashburn-1,AD,gRmu:US-ASHBURN-AD-2,database,Database,vm-standard2-ocpu-count,25,1,24,2020-01-26 01:03:26
us-ashburn-1,AD,gRmu:US-ASHBURN-AD-3,database,Database,vm-standard2-ocpu-count,25,2,23,2020-01-26 01:03:26
us-ashburn-1,REGION,,dns,DNS,global-zone-count,1000,,,2020-01-26 01:03:26
us-ashburn-1,REGION,,dns,DNS,steering-policy-attachment-count,1000,,,2020-01-26 01:03:26
us-ashburn-1,REGION,,dns,DNS,steering-policy-count,100,,,2020-01-26 01:03:26
us-ashburn-1,REGION,,dns,DNS,tsig-key-count,1000,,,2020-01-26 01:03:26
us-ashburn-1,REGION,,email-delivery,Email Delivery,approved-sender-count,10000,6,9994,2020-01-26 01:03:26
us-ashburn-1,REGION,,events,Events,rule-count,50,,50,2020-01-26 01:03:26
us-ashburn-1,REGION,,faas,Functions,application-count,10,,,2020-01-26 01:03:26
us-ashburn-1,REGION,,faas,Functions,function-count,20,,,2020-01-26 01:03:26
us-ashburn-1,REGION,,fast-connect,Fast Connect,remote-peering-connection-count,10,,10,2020-01-26 01:03:26
us-ashburn-1,REGION,,fast-connect,Fast Connect,virtual-circuit-count,10,,10,2020-01-26 01:03:26
us-ashburn-1,AD,gRmu:US-ASHBURN-AD-1,filesystem,File Storage,file-system-count,100,,,2020-01-26 01:03:26
us-ashburn-1,AD,gRmu:US-ASHBURN-AD-2,filesystem,File Storage,file-system-count,100,,,2020-01-26 01:03:26
us-ashburn-1,AD,gRmu:US-ASHBURN-AD-3,filesystem,File Storage,file-system-count,100,,,2020-01-26 01:03:26
us-ashburn-1,AD,gRmu:US-ASHBURN-AD-1,filesystem,File Storage,mount-target-count,24,,,2020-01-26 01:03:26
us-ashburn-1,AD,gRmu:US-ASHBURN-AD-2,filesystem,File Storage,mount-target-count,24,,,2020-01-26 01:03:26
us-ashburn-1,AD,gRmu:US-ASHBURN-AD-3,filesystem,File Storage,mount-target-count,24,,,2020-01-26 01:03:26
us-ashburn-1,REGION,,health-checks,Health Check,monitor-basic-count,500,,,2020-01-26 01:03:26
us-ashburn-1,REGION,,health-checks,Health Check,monitor-premium-count,500,,,2020-01-26 01:03:26
us-ashburn-1,REGION,,load-balancer,LbaaS,lb-100mbps-count,11,,,2020-01-26 01:03:26
us-ashburn-1,REGION,,load-balancer,LbaaS,lb-400mbps-count,3,,,2020-01-26 01:03:26
us-ashburn-1,REGION,,nosql,NoSQL,read-unit-count,100000,,100000,2020-01-26 01:03:26
us-ashburn-1,REGION,,nosql,NoSQL,table-size-gb,5000,,5000,2020-01-26 01:03:26
us-ashburn-1,REGION,,nosql,NoSQL,write-unit-count,40000,,40000,2020-01-26 01:03:26
us-ashburn-1,REGION,,notifications,Notifications,subscription-count,10,,,2020-01-26 01:03:26
us-ashburn-1,REGION,,notifications,Notifications,topic-count,100,,,2020-01-26 01:03:26
us-ashburn-1,REGION,,object-storage,Object Storage,storage-bytes,9223372036854775807,6887371095,9223372036854775807,2020-01-26 01:03:26
us-ashburn-1,REGION,,resource-manager,Resource Manager,concurrent-job-count,2,,2,2020-01-26 01:03:26
us-ashburn-1,REGION,,resource-manager,Resource Manager,stack-count,10,10,,2020-01-26 01:03:26
us-ashburn-1,REGION,,streaming,Streaming,connect-harness-count,1,,,2020-01-26 01:03:26
us-ashburn-1,REGION,,streaming,Streaming,partition-count,1,,,2020-01-26 01:03:26
us-ashburn-1,REGION,,vcn,Virtual Cloud Network,dhcp-option-count,300,,,2020-01-26 01:03:26
us-ashburn-1,GLOBAL,,vcn,Virtual Cloud Network,flow-log-config-count,100,,,2020-01-26 01:03:26
us-ashburn-1,REGION,,vcn,Virtual Cloud Network,internet-gateway-count,1,,,2020-01-26 01:03:26
us-ashburn-1,REGION,,vcn,Virtual Cloud Network,nat-gateway-count,1,,,2020-01-26 01:03:26
us-ashburn-1,REGION,,vcn,Virtual Cloud Network,reserved-public-ip-count,50,,,2020-01-26 01:03:26
us-ashburn-1,REGION,,vcn,Virtual Cloud Network,route-table-count,300,,,2020-01-26 01:03:26
us-ashburn-1,REGION,,vcn,Virtual Cloud Network,security-list-count,300,,,2020-01-26 01:03:26
us-ashburn-1,REGION,,vcn,Virtual Cloud Network,subnet-count,300,,,2020-01-26 01:03:26
us-ashburn-1,REGION,,vcn,Virtual Cloud Network,vcn-count,100,69,31,2020-01-26 01:03:26
us-ashburn-1,REGION,,vpn,VPN,cpe-count,10,,,2020-01-26 01:03:26
us-ashburn-1,REGION,,vpn,VPN,ipsec-connection-count,4,,,2020-01-26 01:03:26
us-ashburn-1,REGION,,waas,WaaS,waas-policy-count,50,,50,2020-01-26 01:03:26
us-phoenix-1,REGION,,api-gateway,API Gateway,gateway-count,1,,1,2020-01-26 01:03:26
us-phoenix-1,REGION,,auto-scaling,Auto Scaling,config-count,200,,,2020-01-26 01:03:26
us-phoenix-1,REGION,,block-storage,Block Volume,backup-count,4000,1,3999,2020-01-26 01:03:26
us-phoenix-1,AD,gRmu:PHX-AD-1,block-storage,Block Volume,total-storage-gb,30720,1326,29394,2020-01-26 01:03:26
us-phoenix-1,AD,gRmu:PHX-AD-2,block-storage,Block Volume,total-storage-gb,30720,47,30673,2020-01-26 01:03:26
us-phoenix-1,AD,gRmu:PHX-AD-3,block-storage,Block Volume,total-storage-gb,30720,47,30673,2020-01-26 01:03:26
us-phoenix-1,AD,gRmu:PHX-AD-1,block-storage,Block Volume,volume-count,10000,3,9997,2020-01-26 01:03:26
us-phoenix-1,AD,gRmu:PHX-AD-2,block-storage,Block Volume,volume-count,10000,,10000,2020-01-26 01:03:26
us-phoenix-1,AD,gRmu:PHX-AD-3,block-storage,Block Volume,volume-count,10000,,10000,2020-01-26 01:03:26
us-phoenix-1,AD,gRmu:PHX-AD-1,block-storage,Block Volume,volumes-per-group,32,,,2020-01-26 01:03:26
us-phoenix-1,AD,gRmu:PHX-AD-2,block-storage,Block Volume,volumes-per-group,32,,,2020-01-26 01:03:26
us-phoenix-1,AD,gRmu:PHX-AD-3,block-storage,Block Volume,volumes-per-group,32,,,2020-01-26 01:03:26
us-phoenix-1,REGION,,compartments,Compartments,compartment-count,200,81,119,2020-01-26 01:03:26
us-phoenix-1,AD,gRmu:PHX-AD-1,compute,Compute,bm-dense-io2-52-count,2,,2,2020-01-26 01:03:26
us-phoenix-1,AD,gRmu:PHX-AD-2,compute,Compute,bm-dense-io2-52-count,2,,2,2020-01-26 01:03:26
us-phoenix-1,AD,gRmu:PHX-AD-3,compute,Compute,bm-dense-io2-52-count,2,,2,2020-01-26 01:03:26
us-phoenix-1,AD,gRmu:PHX-AD-1,compute,Compute,bm-standard1-36-count,2,,2,2020-01-26 01:03:26
us-phoenix-1,AD,gRmu:PHX-AD-2,compute,Compute,bm-standard1-36-count,2,,2,2020-01-26 01:03:26
us-phoenix-1,AD,gRmu:PHX-AD-3,compute,Compute,bm-standard1-36-count,2,,2,2020-01-26 01:03:26
us-phoenix-1,AD,gRmu:PHX-AD-1,compute,Compute,bm-standard2-52-count,2,,2,2020-01-26 01:03:26
us-phoenix-1,AD,gRmu:PHX-AD-2,compute,Compute,bm-standard2-52-count,2,,2,2020-01-26 01:03:26
us-phoenix-1,AD,gRmu:PHX-AD-3,compute,Compute,bm-standard2-52-count,2,,2,2020-01-26 01:03:26
us-phoenix-1,REGION,,compute,Compute,custom-image-count,25,,25,2020-01-26 01:03:26
us-phoenix-1,AD,gRmu:PHX-AD-1,compute,Compute,vm-dense-io2-16-count,2,,2,2020-01-26 01:03:26
us-phoenix-1,AD,gRmu:PHX-AD-2,compute,Compute,vm-dense-io2-16-count,2,,2,2020-01-26 01:03:26
us-phoenix-1,AD,gRmu:PHX-AD-3,compute,Compute,vm-dense-io2-16-count,2,,2,2020-01-26 01:03:26
us-phoenix-1,AD,gRmu:PHX-AD-1,compute,Compute,vm-dense-io2-24-count,2,,2,2020-01-26 01:03:26
us-phoenix-1,AD,gRmu:PHX-AD-2,compute,Compute,vm-dense-io2-24-count,2,,2,2020-01-26 01:03:26
us-phoenix-1,AD,gRmu:PHX-AD-3,compute,Compute,vm-dense-io2-24-count,2,,2,2020-01-26 01:03:26
us-phoenix-1,AD,gRmu:PHX-AD-1,compute,Compute,vm-dense-io2-8-count,2,,2,2020-01-26 01:03:26
us-phoenix-1,AD,gRmu:PHX-AD-2,compute,Compute,vm-dense-io2-8-count,2,,2,2020-01-26 01:03:26
us-phoenix-1,AD,gRmu:PHX-AD-3,compute,Compute,vm-dense-io2-8-count,2,,2,2020-01-26 01:03:26
us-phoenix-1,AD,gRmu:PHX-AD-1,compute,Compute,vm-standard-e2-1-count,2,,2,2020-01-26 01:03:26
us-phoenix-1,AD,gRmu:PHX-AD-2,compute,Compute,vm-standard-e2-1-count,2,,2,2020-01-26 01:03:26
us-phoenix-1,AD,gRmu:PHX-AD-3,compute,Compute,vm-standard-e2-1-count,2,,2,2020-01-26 01:03:26
us-phoenix-1,AD,gRmu:PHX-AD-1,compute,Compute,vm-standard-e2-2-count,2,,2,2020-01-26 01:03:26
us-phoenix-1,AD,gRmu:PHX-AD-2,compute,Compute,vm-standard-e2-2-count,2,,2,2020-01-26 01:03:26
us-phoenix-1,AD,gRmu:PHX-AD-3,compute,Compute,vm-standard-e2-2-count,2,,2,2020-01-26 01:03:26
us-phoenix-1,AD,gRmu:PHX-AD-1,compute,Compute,vm-standard1-1-count,2,2,,2020-01-26 01:03:26
us-phoenix-1,AD,gRmu:PHX-AD-2,compute,Compute,vm-standard1-1-count,2,1,1,2020-01-26 01:03:26
us-phoenix-1,AD,gRmu:PHX-AD-3,compute,Compute,vm-standard1-1-count,2,1,1,2020-01-26 01:03:26
us-phoenix-1,AD,gRmu:PHX-AD-1,compute,Compute,vm-standard1-2-count,2,,2,2020-01-26 01:03:26
us-phoenix-1,AD,gRmu:PHX-AD-2,compute,Compute,vm-standard1-2-count,2,,2,2020-01-26 01:03:26
us-phoenix-1,AD,gRmu:PHX-AD-3,compute,Compute,vm-standard1-2-count,2,,2,2020-01-26 01:03:26
us-phoenix-1,REGION,,compute-management,Compute Management,config-count,200,,,2020-01-26 01:03:26
us-phoenix-1,REGION,,compute-management,Compute Management,pool-count,50,,,2020-01-26 01:03:26
us-phoenix-1,REGION,,container-engine,Container Engine,cluster-count,2,,,2020-01-26 01:03:26
us-phoenix-1,REGION,,container-engine,Container Engine,node-count,1000,,,2020-01-26 01:03:26
us-phoenix-1,REGION,,data-science,Data Science,model-count,1000,,,2020-01-26 01:03:26
us-phoenix-1,REGION,,data-science,Data Science,notebook-session-count,30,,,2020-01-26 01:03:26
us-phoenix-1,REGION,,data-science,Data Science,project-count,1000,,,2020-01-26 01:03:26
us-phoenix-1,REGION,,data-transfer,Data Transfer,active-appliance-count,4,,,2020-01-26 01:03:26
us-phoenix-1,REGION,,data-transfer,Data Transfer,appliance-count,1,,,2020-01-26 01:03:26
us-phoenix-1,REGION,,data-transfer,Data Transfer,job-count,1,,,2020-01-26 01:03:26
us-phoenix-1,REGION,,database,Database,adw-ocpu-count,11,,,2020-01-26 01:03:26
us-phoenix-1,REGION,,database,Database,adw-total-storage-tb,70,,,2020-01-26 01:03:26
us-phoenix-1,REGION,,database,Database,atp-ocpu-count,11,,,2020-01-26 01:03:26
us-phoenix-1,REGION,,database,Database,atp-total-storage-tb,8,,,2020-01-26 01:03:26
us-phoenix-1,AD,gRmu:PHX-AD-1,database,Database,bm-dense-io2-52-count,2,,2,2020-01-26 01:03:26
us-phoenix-1,AD,gRmu:PHX-AD-2,database,Database,bm-dense-io2-52-count,2,,2,2020-01-26 01:03:26
us-phoenix-1,AD,gRmu:PHX-AD-3,database,Database,bm-dense-io2-52-count,2,,2,2020-01-26 01:03:26
us-phoenix-1,AD,gRmu:PHX-AD-1,database,Database,vm-block-storage-gb,16384,,,2020-01-26 01:03:26
us-phoenix-1,AD,gRmu:PHX-AD-2,database,Database,vm-block-storage-gb,16384,,,2020-01-26 01:03:26
us-phoenix-1,AD,gRmu:PHX-AD-3,database,Database,vm-block-storage-gb,16384,,,2020-01-26 01:03:26
us-phoenix-1,AD,gRmu:PHX-AD-1,database,Database,vm-standard2-ocpu-count,16,,16,2020-01-26 01:03:26
us-phoenix-1,AD,gRmu:PHX-AD-2,database,Database,vm-standard2-ocpu-count,16,,16,2020-01-26 01:03:26
us-phoenix-1,AD,gRmu:PHX-AD-3,database,Database,vm-standard2-ocpu-count,16,,16,2020-01-26 01:03:26
us-phoenix-1,REGION,,dns,DNS,global-zone-count,1000,,,2020-01-26 01:03:26
us-phoenix-1,REGION,,dns,DNS,steering-policy-attachment-count,1000,,,2020-01-26 01:03:26
us-phoenix-1,REGION,,dns,DNS,steering-policy-count,100,,,2020-01-26 01:03:26
us-phoenix-1,REGION,,dns,DNS,tsig-key-count,1000,,,2020-01-26 01:03:26
us-phoenix-1,REGION,,email-delivery,Email Delivery,approved-sender-count,10000,,10000,2020-01-26 01:03:26
us-phoenix-1,REGION,,events,Events,rule-count,50,,50,2020-01-26 01:03:26
us-phoenix-1,REGION,,faas,Functions,application-count,10,,,2020-01-26 01:03:26
us-phoenix-1,REGION,,faas,Functions,function-count,20,,,2020-01-26 01:03:26
us-phoenix-1,REGION,,fast-connect,Fast Connect,remote-peering-connection-count,10,,10,2020-01-26 01:03:26
us-phoenix-1,REGION,,fast-connect,Fast Connect,virtual-circuit-count,10,,10,2020-01-26 01:03:26
us-phoenix-1,AD,gRmu:PHX-AD-1,filesystem,File Storage,file-system-count,100,,,2020-01-26 01:03:26
us-phoenix-1,AD,gRmu:PHX-AD-2,filesystem,File Storage,file-system-count,100,,,2020-01-26 01:03:26
us-phoenix-1,AD,gRmu:PHX-AD-3,filesystem,File Storage,file-system-count,100,,,2020-01-26 01:03:26
us-phoenix-1,AD,gRmu:PHX-AD-1,filesystem,File Storage,mount-target-count,8,,,2020-01-26 01:03:26
us-phoenix-1,AD,gRmu:PHX-AD-2,filesystem,File Storage,mount-target-count,8,,,2020-01-26 01:03:26
us-phoenix-1,AD,gRmu:PHX-AD-3,filesystem,File Storage,mount-target-count,8,,,2020-01-26 01:03:26
us-phoenix-1,REGION,,health-checks,Health Check,monitor-basic-count,500,,,2020-01-26 01:03:26
us-phoenix-1,REGION,,health-checks,Health Check,monitor-premium-count,500,,,2020-01-26 01:03:26
us-phoenix-1,REGION,,load-balancer,LbaaS,lb-100mbps-count,4,,,2020-01-26 01:03:26
us-phoenix-1,REGION,,load-balancer,LbaaS,lb-400mbps-count,3,,,2020-01-26 01:03:26
us-phoenix-1,REGION,,nosql,NoSQL,read-unit-count,100000,,100000,2020-01-26 01:03:26
us-phoenix-1,REGION,,nosql,NoSQL,table-size-gb,5000,,5000,2020-01-26 01:03:26
us-phoenix-1,REGION,,nosql,NoSQL,write-unit-count,40000,,40000,2020-01-26 01:03:26
us-phoenix-1,REGION,,notifications,Notifications,subscription-count,10,,,2020-01-26 01:03:26
us-phoenix-1,REGION,,notifications,Notifications,topic-count,100,,,2020-01-26 01:03:26
us-phoenix-1,REGION,,object-storage,Object Storage,storage-bytes,9223372036854775807,129047852,9223372036854775807,2020-01-26 01:03:26
us-phoenix-1,REGION,,resource-manager,Resource Manager,concurrent-job-count,2,,2,2020-01-26 01:03:26
us-phoenix-1,REGION,,resource-manager,Resource Manager,stack-count,10,3,7,2020-01-26 01:03:26
us-phoenix-1,REGION,,streaming,Streaming,connect-harness-count,1,,,2020-01-26 01:03:26
us-phoenix-1,REGION,,streaming,Streaming,partition-count,1,,,2020-01-26 01:03:26
us-phoenix-1,REGION,,vcn,Virtual Cloud Network,dhcp-option-count,300,,,2020-01-26 01:03:26
us-phoenix-1,GLOBAL,,vcn,Virtual Cloud Network,flow-log-config-count,100,,,2020-01-26 01:03:26
us-phoenix-1,REGION,,vcn,Virtual Cloud Network,internet-gateway-count,1,,,2020-01-26 01:03:26
us-phoenix-1,REGION,,vcn,Virtual Cloud Network,nat-gateway-count,1,,,2020-01-26 01:03:26
us-phoenix-1,REGION,,vcn,Virtual Cloud Network,reserved-public-ip-count,50,,,2020-01-26 01:03:26
us-phoenix-1,REGION,,vcn,Virtual Cloud Network,route-table-count,300,,,2020-01-26 01:03:26
us-phoenix-1,REGION,,vcn,Virtual Cloud Network,security-list-count,300,,,2020-01-26 01:03:26
us-phoenix-1,REGION,,vcn,Virtual Cloud Network,subnet-count,300,,,2020-01-26 01:03:26
us-phoenix-1,REGION,,vcn,Virtual Cloud Network,vcn-count,50,16,34,2020-01-26 01:03:26
us-phoenix-1,REGION,,vpn,VPN,cpe-count,10,,,2020-01-26 01:03:26
us-phoenix-1,REGION,,vpn,VPN,ipsec-connection-count,4,,,2020-01-26 01:03:26
us-phoenix-1,REGION,,waas,WaaS,waas-policy-count,50,,50,2020-01-26 01:03:26
